{"2022/1/26": ["\u2713add csv file using pandas and add to qtable", "\u2713create gui datasource page", "\u2713show gui datasource page", "\u2713Work Presentation"], "2022/1/27": ["\u2713Sort Data"], "2022/1/24": ["\u2713Import csv File"], "2022/1/25": ["\u2713Read csv file using Pandas", "\u2713Learn QtDesigner"], "2022/1/28": ["\u2713Gui DataSheet", "\u2713Fix Bug "], "2022/1/29": ["\u2713Connect to Data Sheet", "\u2713Create Add & Remove Sheet"], "2022/1/30": ["\u2713insertdata ", "\u2713Drag Drop to Col & Row", "\u2713Create Table ( Datasheet )"], "2022/1/31": ["\u2713Fix Bug 2", "\u2713Rest "], "2022/2/1": ["\u2713Update Gui pg ( DataSheet )", "\u2713Create Chart ( 1 )"], "2022/2/2": ["\u2713Create Sub Func ", "\u2713Make QlistWidget to Class", "\u2713Back up Csv File to Folder", "\u2713Do Presentation"], "2022/2/4": ["\u2713Drag Drop Real Time", "\u2713Fix Bug Sheet & Remove"], "2022/2/3": ["\u2713Rest (2)", "\u2713Chage How App Organized"], "2022/2/5": ["\u2713Update Ui ( Remove_bt )", "\u2713Update Import File"], "2022/2/6": ["\u2713Select File & Union File", "\u2713Update Remove File & Union File", "\u2713Can Plot pie and line chart"], "2022/2/7": ["\u2713Update Sort Data ", "\u2713Update Ui ( Seclect File & Remove)", "\u2713Update Create Table ", "\u2713Update Multiple plot"], "2022/2/8": ["\u2713Update Class FilterPopup", "\u2713Update can Plot in Gui "], "2022/2/9": ["\u2713Filter Data Features", "\u2713Update Select Graph and Show", "\u2713Do Presentation (3)"], "2022/2/11": ["\u2713new gui for Filter ", "\u2713Update Filter Data (can use many object to filter)"], "2022/2/12": ["\u2713Add New Filter measurement by RangeSlider"], "2022/2/13": ["\u2713Connect Class Range Slider ", "\u2713Update Ui ( Select Measurement groupby[combobox] )", "\u2713Select Measurement groupby"], "2022/2/15": ["\u2713Create manager_object for use Class", "\u2713Create Test Case use Unit_test ", "\u2713Update Gui Datasheet Page(Vesrion 7)"], "2022/2/16": ["\u2713Plot Triple Daimension and Measurement", "\u2713Update Filter & Fix Error ", "\u2713FixManyBug"], "2022/2/19": ["\u2713TestCase DataSheet Page", "\u2713UpdateRangeSlider(Mea)"], "2022/2/20": ["\u2713UpdateDillDown ", "\u2713Check Bug ", "\u2713ChartUpdate(Line Pie)"], "2022/2/21": ["\u2713FixBugMainWindow"], "2022/2/22": ["\u2713FixBug(All)"], "2022/2/23": ["\u2713MD5", "\u2713FixBugAgain"], "2022/2/24": ["\u2713TestCase"]}