{"2022/1/26": ["\u2713add csv file using pandas and add to qtable", "\u2713create gui datasource page", "\u2713show gui datasource page", "\u2713Work Presentation"], "2022/1/27": ["\u2713Sort Data"], "2022/1/24": ["\u2713Import csv File"], "2022/1/25": ["\u2713Read csv file using Pandas", "\u2713Learn QtDesigner"], "2022/1/28": ["\u2713Gui DataSheet", "\u2713Fix Bug "], "2022/1/29": ["\u2713Connect to Data Sheet", "\u2713Create Add & Remove Sheet"], "2022/1/30": ["\u2713insertdata ", "\u2713Drag Drop to Col & Row", "\u2713Create Table ( Datasheet )"], "2022/1/31": ["\u2713Fix Bug 2", "\u2713Rest "], "2022/2/1": ["\u2713Update Gui pg ( DataSheet )", "\u2713Create Chart ( 1 )"], "2022/2/2": ["\u2713Create Sub Func ", "\u2713Make QlistWidget to Class", "Back up Csv File to Folder", "\u2713Do Presentation"]}